CODREGEO,REGION,ANIO,estimation,rate,rate_lag1,pct_women_lag1,mean_age_lag1,pct_irregular_lag1,pct_venezuela_lag1,pct_peru_lag1,pct_colombia_lag1,pct_haiti_lag1,pct_bolivia_lag1,sol_total_lag1,sol_otorgadas_lag1,sol_pct_otorga_lag1,sol_share_lag1,macro_inflacion_origen_lag1,macro_crecimiento_pib_origen_lag1,macro_desempleo_origen_lag1,censo_n_migrantes,censo_mean_edad,censo_mean_escolaridad,censo_pct_mujer,censo_pct_urbano,censo_pct_llegada_reciente,censo_pct_ocupado,censo_pct_venezuela
1,ARICA Y PARINACOTA,2021,33356,0.021829800072382,0.020732115706095,0.5204676458136581,35.04220536034129,0.0392418666753509,0.1012472726088514,0.3684501905103071,0.0508027485589605,0.0008792783404435,0.386556811150552,1130.0,912.0,0.8070796460176991,0.012349858491204789,1.8628783039869596,-8.572248512189331,7.9529872122762155,11251,25.757710425739933,8.972232111071555,0.5029775131099458,0.7895298195715936,0.3621900275531063,0.4658898870408254,0.371167007377122
1,ARICA Y PARINACOTA,2022,33887,0.0212114307747583,0.021829800072382,0.5182875644561699,35.35780889275328,0.0408022544669624,0.100011991845545,0.3805612183715073,0.0490766278930327,0.0009293680297397,0.3817304233121477,253.0,191.0,0.7549407114624506,0.009022201228153047,2.8249310748047063,8.534443963332446,5.7999013202127,11251,25.757710425739933,8.972232111071555,0.5029775131099458,0.7895298195715936,0.3621900275531063,0.4658898870408254,0.371167007377122
1,ARICA Y PARINACOTA,2023,36925,0.0204357788010271,0.0212114307747583,0.5129400655118482,35.07068232794239,0.0809454953226901,0.1210493699648832,0.3566559447575766,0.0503437896538495,0.0010328444536252,0.3822999970490158,1026.0,1012.0,0.98635477582846,0.010829204609902516,5.383666010314072,3.075630138855637,4.389262216063145,11251,25.757710425739933,8.972232111071555,0.5029775131099458,0.7895298195715936,0.3621900275531063,0.4658898870408254,0.371167007377122
2,TARAPACÁ,2021,74227,0.048577784205921,0.0471747285184575,0.5124227158232196,32.26025103404846,0.0328028394779024,0.0719601557133043,0.2374627891000687,0.0774559193954659,0.0051236546828486,0.4586815891916647,2269.0,1414.0,0.623182018510357,0.01914769726596883,2.0742020198400706,-8.269540866405501,8.213246800866958,29932,25.43886141921689,9.020705803646097,0.5151343044233596,0.9512561806761994,0.4218562074034478,0.464408706409442,0.2310904717359347
2,TARAPACÁ,2022,78631,0.0492187568462839,0.048577784205921,0.5113772616433373,32.73944734112068,0.037856844544438,0.0738679995150012,0.232826330041629,0.0759696606356177,0.0051598474948468,0.4673770999770973,936.0,619.0,0.6613247863247863,0.029239489844119036,2.698431028104761,7.747839587341185,6.026658494359433,29932,25.43886141921689,9.020705803646097,0.5151343044233596,0.9512561806761994,0.4218562074034478,0.464408706409442,0.2310904717359347
2,TARAPACÁ,2023,86526,0.047886965376782,0.0492187568462839,0.5090867469573069,32.4332099660422,0.0724014701580801,0.0880568732433773,0.2195953249990462,0.0753138075313807,0.0050234640281822,0.4731212880416121,2612.0,2522.0,0.9655436447166922,0.026987405164203702,5.211570884231131,3.3569337447815184,4.540479196897343,29932,25.43886141921689,9.020705803646097,0.5151343044233596,0.9512561806761994,0.4218562074034478,0.464408706409442,0.2310904717359347
3,ANTOFAGASTA,2021,107755,0.0705201495023242,0.0698567041965199,0.5288449457314892,31.57590079641228,0.0237177070950158,0.0898450713754143,0.1398513535716702,0.289570587723622,0.0010824707394628,0.382634076565475,4929.0,3113.0,0.631568269425847,0.04215472531043915,2.4801098233628798,-7.692243520835501,10.22188569884018,42274,26.439537304253204,9.391180789087292,0.5156833987793916,0.9692009272839096,0.4127123054359654,0.4783658398030676,0.2033401144911766
3,ANTOFAGASTA,2022,114696,0.0717934979237372,0.0705201495023242,0.5268897034940374,32.20445665389006,0.0249361978562479,0.0893322815646605,0.1404111178135585,0.28671523363185,0.0011785996009465,0.3864971463041158,1618.0,1114.0,0.688504326328801,0.05262163438828531,3.220614913460993,8.08736285127078,8.023336919795383,42274,26.439537304253204,9.391180789087292,0.5156833987793916,0.9692009272839096,0.4127123054359654,0.4783658398030676,0.2033401144911766
3,ANTOFAGASTA,2023,128744,0.0712521030726999,0.0717934979237372,0.5232353351468229,32.22643648094864,0.0514664853177094,0.0950251098556183,0.132881704680198,0.2906988909813768,0.0011944618818441,0.3855060333403083,4499.0,4374.0,0.9722160480106691,0.046805277632128064,6.805482872149887,4.300572278377537,6.0696121711169155,42274,26.439537304253204,9.391180789087292,0.5156833987793916,0.9692009272839096,0.4127123054359654,0.4783658398030676,0.2033401144911766
4,ATACAMA,2021,20163,0.0131956547205731,0.0130643318758895,0.4948320413436692,31.63767441860465,0.038656330749354,0.1694573643410852,0.1047545219638242,0.2015503875968992,0.018656330749354,0.325374677002584,1246.0,720.0,0.5778491171749599,0.009749888282530096,2.9395446134768415,-6.891907752385296,9.557775927611502,10327,26.176430715599885,9.277761613810494,0.5096349375423647,0.947516219618476,0.3505374261644233,0.4540257726964441,0.3704851360511281
4,ATACAMA,2022,22086,0.0138246424909644,0.0131956547205731,0.4928830035213014,32.09616624510242,0.0497941774537519,0.1729405346426623,0.104597530129445,0.2034419481227992,0.0179536775281456,0.3261419431632197,249.0,164.0,0.6586345381526104,0.007746811525743977,3.5081612854967426,6.816435165717143,7.678632071109285,10327,26.176430715599885,9.277761613810494,0.5096349375423647,0.947516219618476,0.3505374261644233,0.4540257726964441,0.3704851360511281
4,ATACAMA,2023,27266,0.0150901000619853,0.0138246424909644,0.4907633795164357,31.59320805976908,0.0824504210812279,0.1793443810558725,0.0992031150955356,0.2012587159286425,0.0155754776781671,0.3392646925654261,921.0,915.0,0.993485342019544,0.009791227488202374,6.812370097240637,3.6383743821337524,5.853117845908258,10327,26.176430715599885,9.277761613810494,0.5096349375423647,0.947516219618476,0.3505374261644233,0.4540257726964441,0.3704851360511281
5,COQUIMBO,2021,36308,0.023761733452094,0.023683912034849,0.4703098720031928,32.88274367819369,0.0443855298041563,0.3135209099461216,0.0860343795433165,0.1599247412982126,0.1421078137917272,0.0756578009635394,2016.0,1162.0,0.5763888888888888,0.015735236367083294,6.799976345422661,-4.823375770547203,10.469409891558325,18791,27.50944601138843,9.885062373387354,0.5040710978659997,0.9225160981320844,0.3469746155074237,0.5377283135417221,0.5635144484061518
5,COQUIMBO,2022,39326,0.0246159508557307,0.023761733452094,0.4740002203371158,33.40700749228735,0.0558003745730968,0.3163214718519334,0.084802247438581,0.1649498733061584,0.1346259777459513,0.0781370496860196,616.0,458.0,0.7435064935064936,0.0216343882853094,6.70156953515759,4.77727544493026,9.188183209419389,18791,27.50944601138843,9.885062373387354,0.5040710978659997,0.9225160981320844,0.3469746155074237,0.5377283135417221,0.5635144484061518
5,COQUIMBO,2023,48871,0.0270471752412999,0.0246159508557307,0.4717998270864059,32.92108743197193,0.1008493108884707,0.3366983674922443,0.0807608198138636,0.1644713421146315,0.120505517977928,0.0804048212378579,2438.0,2364.0,0.9696472518457753,0.025296679543290068,11.786266173866824,2.3929237809924575,7.443560874926284,18791,27.50944601138843,9.885062373387354,0.5040710978659997,0.9225160981320844,0.3469746155074237,0.5377283135417221,0.5635144484061518
6,VALPARAÍSO,2021,101146,0.066194896214209,0.066802283658715,0.4601336122818188,33.228207253467026,0.036788858231507,0.357185450208706,0.0518076063996442,0.0766198720475425,0.1884115096570753,0.0345754626401059,7528.0,4902.0,0.6511689691817216,0.06638048939022574,9.29687179268479,-4.137817601483609,10.354106738382745,36134,27.93042563790336,9.980182377560354,0.5094924447888415,0.9415232191287984,0.3316820722864891,0.5302262468499903,0.6156251729672885
6,VALPARAÍSO,2022,106355,0.0665724826644266,0.066194896214209,0.4660391908726,33.834275995728355,0.0589642694718525,0.3599549166551322,0.0524588219010143,0.0784015185968797,0.1816977438554169,0.0358689419255333,1990.0,1424.0,0.7155778894472362,0.06726499763816722,9.07971932703306,3.4999789061933333,9.262898875461564,36134,27.93042563790336,9.980182377560354,0.5094924447888415,0.9415232191287984,0.3316820722864891,0.5302262468499903,0.6156251729672885
6,VALPARAÍSO,2023,122433,0.067759342070309,0.0665724826644266,0.4650745145973391,33.555415546068346,0.0949649757886324,0.3727422312068074,0.0523811762493535,0.081359597574162,0.169517183019134,0.0384091015937191,5560.0,5367.0,0.9652877697841726,0.057431167135718185,15.416187126303171,1.6947568435462643,7.729239747002662,36134,27.93042563790336,9.980182377560354,0.5094924447888415,0.9415232191287984,0.3316820722864891,0.5302262468499903,0.6156251729672885
7,METROPOLITANA DE SANTIAGO,2021,942503,0.6168201240442591,0.6203329615456286,0.496992256161603,33.65127472247589,0.0187832976888206,0.3496993344543668,0.1949509955974945,0.1035105763527228,0.123236412910388,0.0274870890677463,71337.0,50988.0,0.7147483073299971,0.6904545885411729,5.643365534645788,-4.899981645704605,9.676910998381226,305004,28.731019921050216,10.411036742089768,0.5201243262383444,0.9868591887319512,0.3293694508924473,0.5588299949144478,0.5772580031737289
7,METROPOLITANA DE SANTIAGO,2022,976302,0.6111122934534816,0.6168201240442591,0.4971336961261662,34.40050188338904,0.0242280395924469,0.3480264784303074,0.1944725905381733,0.1055253935531239,0.1216537241791272,0.0289792181032845,17763.0,13894.0,0.7821876935202386,0.6563060935285782,5.875964133072735,5.107872863556798,8.494090615146977,305004,28.731019921050216,10.411036742089768,0.5201243262383444,0.9868591887319512,0.3293694508924473,0.5588299949144478,0.5772580031737289
7,METROPOLITANA DE SANTIAGO,2023,1089049,0.6027234791463738,0.6111122934534816,0.4955013919873154,34.538581464098186,0.0479124287361902,0.3502850552390551,0.1920286960387257,0.1084715590053077,0.1191844326857878,0.030170992172504,63317.0,61823.0,0.976404441145348,0.6615552535553392,10.907993038066271,1.989947664410961,7.013513632376327,305004,28.731019921050216,10.411036742089768,0.5201243262383444,0.9868591887319512,0.3293694508924473,0.5588299949144478,0.5772580031737289
8,LIBERTADOR GENERAL BERNARDO O'HIGGINS,2021,46279,0.0302872442004367,0.0296064091519189,0.4384392602221158,32.4808091404593,0.0298282821372374,0.342751590613669,0.0454265581172607,0.080522679072313,0.2860596109552804,0.0587443843926022,3777.0,1863.0,0.4932486100079428,0.025227835931046622,9.256750717518772,-3.9058515517843455,10.739082261848896,20847,27.75387345901089,9.758066064912615,0.500407732527462,0.8662157624598263,0.3247469659903103,0.5388675623800384,0.5584016884923491
8,LIBERTADOR GENERAL BERNARDO O'HIGGINS,2022,50130,0.0313786710165737,0.0302872442004367,0.4434840856544005,32.94582622036865,0.0406663929644115,0.345232178741978,0.0457226819939929,0.0823267572765185,0.2755245359666371,0.0684543745543335,898.0,623.0,0.6937639198218263,0.029428436466698158,7.8627415898453386,2.655857876477996,9.699576485236571,20847,27.75387345901089,9.758066064912615,0.500407732527462,0.8662157624598263,0.3247469659903103,0.5388675623800384,0.5584016884923491
8,LIBERTADOR GENERAL BERNARDO O'HIGGINS,2023,60238,0.0333381298149296,0.0313786710165737,0.4416317574306802,32.36470095359694,0.086754438460004,0.342130460801915,0.0458208657490524,0.0830041891083183,0.2577897466586874,0.0903052064631956,3304.0,3190.0,0.965496368038741,0.034135536270344886,14.314005109219647,1.2991402556413945,8.197993655976195,20847,27.75387345901089,9.758066064912615,0.500407732527462,0.8662157624598263,0.3247469659903103,0.5388675623800384,0.5584016884923491
9,MAULE,2021,42529,0.0278330605371848,0.0278455937755716,0.4345707150304294,32.964864209505336,0.032975292776956,0.3708508110467231,0.0229614722498363,0.0635259316732536,0.3432097568072157,0.0165603860048978,4126.0,2434.0,0.5899175957343674,0.03296003899955313,10.33828571643233,-3.2873424205782804,11.09261849205556,17081,28.261928458521165,9.975967174677608,0.504010303846379,0.9065043030267548,0.3096422926058193,0.5206771321462043,0.6711550845969205
9,MAULE,2022,44892,0.0280999660737289,0.0278330605371848,0.4383832208610595,33.48225749559083,0.0549742528627524,0.3803052035081944,0.0240071480636742,0.0656728350067013,0.3288344423804933,0.0180112393895929,1004.0,761.0,0.7579681274900398,0.03594709494567785,8.556509668557993,1.720589188919246,10.249369107662464,17081,28.261928458521165,9.975967174677608,0.504010303846379,0.9065043030267548,0.3096422926058193,0.5206771321462043,0.6711550845969205
9,MAULE,2023,52954,0.0293068715133268,0.0280999660737289,0.4403679942974249,33.092251826768845,0.0973224627996079,0.3966185511895215,0.0246591820368885,0.0666933974873028,0.3104784816893878,0.0213401051412278,3305.0,3232.0,0.9779122541603631,0.03458496966324598,15.575504225246544,0.749335815789167,8.854441289935087,17081,28.261928458521165,9.975967174677608,0.504010303846379,0.9065043030267548,0.3096422926058193,0.5206771321462043,0.6711550845969205
10,ÑUBLE,2021,11830,0.0077421313963388,0.007493592738527,0.4421119019731507,33.35354536444725,0.0236057302459681,0.3529146769979277,0.0363996756464546,0.0662221821785746,0.2782232633570592,0.0167582665104964,902.0,443.0,0.4911308203991131,0.005998889596056712,9.78428120445769,-3.6658695112050452,10.673314436387606,3976,29.08651911468813,10.298612862547287,0.5093058350100603,0.8988933601609658,0.2917505030181087,0.5003790750568613,0.670271629778672
10,ÑUBLE,2022,12849,0.0080427796507471,0.0077421313963388,0.4491124260355029,33.854945054945055,0.0327134404057481,0.3830938292476754,0.0422654268808114,0.0645815722738799,0.2519864750633981,0.0164835164835164,193.0,156.0,0.8082901554404145,0.007368918280585735,8.268560918225907,2.5178456663202806,9.586050910376523,3976,29.08651911468813,10.298612862547287,0.5093058350100603,0.8988933601609658,0.2917505030181087,0.5003790750568613,0.670271629778672
10,ÑUBLE,2023,14314,0.0079219427964225,0.0080427796507471,0.4512413417386567,33.61021170610212,0.0582146470542454,0.4142734843178457,0.0437388123589384,0.0670869328352401,0.2274885205074324,0.0186784963810413,770.0,757.0,0.9831168831168832,0.00810050186728874,14.12468469697591,1.1233858231011609,8.07239771335239,3976,29.08651911468813,10.298612862547287,0.5093058350100603,0.8988933601609658,0.2917505030181087,0.5003790750568613,0.670271629778672
11,BIOBÍO,2021,37575,0.0245909203057847,0.0246082050755773,0.4729751975417032,32.55451901443231,0.0442822651448639,0.5006584723441615,0.0408801580333626,0.0759986830553116,0.0966856892010535,0.0105629938542581,3298.0,2367.0,0.717707701637356,0.03205275772881769,6.450933982629478,-3.3075145727885573,9.450057027066144,19126,28.182055840217505,10.221263014702036,0.508992993830388,0.9699884973334728,0.3084806023214472,0.5329463445246313,0.736798075917599
11,BIOBÍO,2022,40344,0.025253163843859,0.0245909203057847,0.4760878243512974,33.056902563010674,0.0593479707252162,0.5014770459081836,0.0415435795076513,0.0782168995342648,0.092375249500998,0.0107784431137724,1024.0,786.0,0.767578125,0.037128011336797356,6.7186978802625195,3.2065005853099056,8.489448445493899,19126,28.182055840217505,10.221263014702036,0.508992993830388,0.9699884973334728,0.3084806023214472,0.5329463445246313,0.736798075917599
11,BIOBÍO,2023,50463,0.0279282520145222,0.025253163843859,0.4729327781082689,32.49623221456547,0.1065338092405314,0.5137814792782074,0.042112829664882,0.0802845528455284,0.0831846123339282,0.0109805671227443,3278.0,3183.0,0.9710189139719341,0.03406063070486137,10.990218583779734,1.6218355177509591,6.927830951129795,19126,28.182055840217505,10.221263014702036,0.508992993830388,0.9699884973334728,0.3084806023214472,0.5329463445246313,0.736798075917599
12,LA ARAUCANÍA,2021,22064,0.0144397622255977,0.0146428542493174,0.4598856510512726,34.32228165636816,0.0282183696053116,0.2457580228697897,0.0311232017705643,0.0653356694946514,0.1814828476576908,0.0111582441903356,986.0,682.0,0.691683569979716,0.009235310845396564,16.686819984038838,-5.331586608238444,10.845829596194914,5603,28.699089773335714,10.398068669527897,0.5197215777262181,0.889880421202927,0.308584686774942,0.4868726558313984,0.5950383723005532
12,LA ARAUCANÍA,2022,22857,0.0143072468267669,0.0144397622255977,0.4652828136330674,34.935409301060645,0.0439630166787527,0.2555746918056563,0.0315445975344452,0.0662617839013778,0.1696881798404641,0.0121011602610587,260.0,210.0,0.8076923076923077,0.009919697685403874,17.469486978546488,4.826814975617031,9.421039506290507,5603,28.699089773335714,10.398068669527897,0.5197215777262181,0.889880421202927,0.308584686774942,0.4868726558313984,0.5950383723005532
12,LA ARAUCANÍA,2023,25227,0.0139616355264323,0.0143072468267669,0.4650654066587916,34.98556051457075,0.0653629085181782,0.2739642122763267,0.0326377039856499,0.0703066894168088,0.1553572209826311,0.0128625803911274,1149.0,1143.0,0.9947780678851175,0.01223100876395116,27.237362447495464,2.4007658310082904,7.7888158149840745,5603,28.699089773335714,10.398068669527897,0.5197215777262181,0.889880421202927,0.308584686774942,0.4868726558313984,0.5950383723005532
13,LOS RÍOS,2021,8404,0.0054999892015918,0.0055781658893332,0.4571532316630355,34.02348099733721,0.0332849189058339,0.2638586298717018,0.0242072137496974,0.0847252481239409,0.1784071653352699,0.0145243282498184,578.0,410.0,0.7093425605536332,0.005552019716440749,13.68435916676482,-4.9092679611359795,10.741732427488895,1912,28.915794979079497,10.53898482469911,0.5193514644351465,0.8645397489539749,0.354602510460251,0.5094240837696336,0.5523012552301255
13,LOS RÍOS,2022,8756,0.0054807828330564,0.0054999892015918,0.4565683008091385,34.78605425987625,0.03998096144693,0.2665397429795335,0.0266539742979533,0.0878153260352213,0.1675392670157068,0.015111851499286,143.0,122.0,0.8531468531468531,0.005762871988663203,14.125452235591363,4.41769967077486,9.445997688751925,1912,28.915794979079497,10.53898482469911,0.5193514644351465,0.8645397489539749,0.354602510460251,0.5094240837696336,0.5523012552301255
13,LOS RÍOS,2023,9379,0.0051907154874701,0.0054807828330564,0.4582000913659205,35.047967108268615,0.0615577889447236,0.2997944266788488,0.0268387391502969,0.0909090909090909,0.1485838282320694,0.0162174508908177,506.0,506.0,1.0,0.005414602304951258,22.15539970522849,2.23763187347312,7.773537626449544,1912,28.915794979079497,10.53898482469911,0.5193514644351465,0.8645397489539749,0.354602510460251,0.5094240837696336,0.5523012552301255
14,LOS LAGOS,2021,29330,0.0191949884915147,0.0189773767631784,0.4581613775437598,33.77351643660168,0.0422655471751814,0.3966486409563113,0.0256510601963853,0.087590721502775,0.1510957734452825,0.0083961861391774,2324.0,1642.0,0.7065404475043029,0.022235161888770026,11.59579845861587,-4.086468106627951,10.319420924025414,13470,28.142538975501115,10.199539410147834,0.5069784706755753,0.9066815144766148,0.3076466221232368,0.5549777117384844,0.7198218262806236
14,LOS LAGOS,2022,31115,0.0194763085713284,0.0191949884915147,0.4647459938629389,34.18960109103307,0.0694851687691783,0.4089328332765087,0.0251278554381179,0.0901125127855438,0.1421752471871803,0.010398908966928,621.0,502.0,0.8083735909822867,0.023712801133679736,11.708242634624758,3.672635759876009,9.130937554081338,13470,28.142538975501115,10.199539410147834,0.5069784706755753,0.9066815144766148,0.3076466221232368,0.5549777117384844,0.7198218262806236
14,LOS LAGOS,2023,37720,0.0208757637474541,0.0194763085713284,0.4638598746585248,33.67838663024265,0.1040334243933794,0.421533022657882,0.0258717660292463,0.0918528041137714,0.1315121324120199,0.0115699823236381,2344.0,2314.0,0.9872013651877133,0.024761639789836386,18.64365332466644,1.8752118918163738,7.518442331979383,13470,28.142538975501115,10.199539410147834,0.5069784706755753,0.9066815144766148,0.3076466221232368,0.5549777117384844,0.7198218262806236
15,AYSÉN DEL GENERAL CARLOS IBÁÑEZ DEL CAMPO,2021,4063,0.0026590261930114,0.0027046880359076,0.5049925112331503,35.36994508237643,0.0376934598102845,0.2021967049425861,0.0317024463305042,0.1752371442835746,0.0946080878681977,0.0072391412880678,339.0,235.0,0.6932153392330384,0.003182255203325795,16.505659501365287,-6.1323373110869746,11.254766244057054,951,28.30073606729758,9.834736842105263,0.5289169295478444,0.9263932702418508,0.3480546792849632,0.5068349106203995,0.434279705573081
15,AYSÉN DEL GENERAL CARLOS IBÁÑEZ DEL CAMPO,2022,4159,0.0026033092511057,0.0026590261930114,0.5089835097218803,36.14521289687424,0.0457789810484863,0.2020674378538026,0.0319960620231356,0.1806546886537041,0.0878661087866108,0.0073837066207236,27.0,27.0,1.0,0.0012753897024090695,18.3964874341847,6.617477295013034,9.597055222714248,951,28.30073606729758,9.834736842105263,0.5289169295478444,0.9263932702418508,0.3480546792849632,0.5068349106203995,0.434279705573081
15,AYSÉN DEL GENERAL CARLOS IBÁÑEZ DEL CAMPO,2023,4555,0.0025209200389621,0.0026033092511057,0.5092570329406108,36.56167347920173,0.05890839144025,0.2038951671074777,0.0331810531377735,0.1962010098581389,0.0764606876653041,0.0074537148352969,122.0,122.0,1.0,0.0013054969984269832,28.70330325577936,3.6528946171301566,7.71365635387369,951,28.30073606729758,9.834736842105263,0.5289169295478444,0.9263932702418508,0.3480546792849632,0.5068349106203995,0.434279705573081
16,MAGALLANES Y DE LA ANTÁRTICA CHILENA,2021,10471,0.0068527352367763,0.0068960767845134,0.5171333463873116,33.80761699627961,0.0216369688662619,0.2636577246915997,0.0247699236342275,0.2554337184256902,0.0196788721362835,0.0117485803798707,735.0,560.0,0.7619047619047619,0.007583246441967852,11.237225827471025,-5.437533390858007,11.112244635649034,3612,27.756644518272424,10.014991671293728,0.5243632336655593,0.9806201550387597,0.358250276854928,0.5249307479224377,0.3726467331118493
16,MAGALLANES Y DE LA ANTÁRTICA CHILENA,2022,11197,0.0070087169234505,0.0068527352367763,0.5155190526215261,34.391175627924746,0.0251169897813007,0.2566135039633272,0.0254989972304459,0.2643491548085188,0.0191003724572629,0.0125107439595072,142.0,119.0,0.8380281690140845,0.005621162021728862,13.123085971110873,6.670803745079,9.623006216972335,3612,27.756644518272424,10.014991671293728,0.5243632336655593,0.9806201550387597,0.358250276854928,0.5249307479224377,0.3726467331118493
16,MAGALLANES Y DE LA ANTÁRTICA CHILENA,2023,12216,0.0067608252900026,0.0070087169234505,0.5141555773868001,34.29909797267125,0.0416182906135572,0.2621237831562025,0.0232205054925426,0.2811467357327856,0.0171474502098776,0.0130392069304277,627.0,627.0,1.0,0.006709398508309167,20.42202087634766,3.819924102577337,7.6284383164005805,3612,27.756644518272424,10.014991671293728,0.5243632336655593,0.9806201550387597,0.358250276854928,0.5249307479224377,0.3726467331118493
