CODREGEO,REGION,ANIO,estimation,rate,rate_lag1,pct_women_lag1,mean_age_lag1,pct_irregular_lag1,pct_venezuela_lag1,pct_peru_lag1,pct_colombia_lag1,pct_haiti_lag1,pct_bolivia_lag1
1,ARICA Y PARINACOTA,2021,33356,0.021829800072382055,0.020732115706095067,0.5204676458136581,35.04220536034129,0.0392418666753509,0.1012472726088514,0.3684501905103071,0.0508027485589605,0.0008792783404435471,0.386556811150552
1,ARICA Y PARINACOTA,2022,33887,0.021211430774758355,0.021829800072382055,0.5182875644561699,35.357808892753276,0.040802254466962465,0.10001199184554503,0.38056121837150736,0.049076627893032736,0.0009293680297397769,0.38173042331214774
1,ARICA Y PARINACOTA,2023,36925,0.020435778801027184,0.021211430774758355,0.5129400655118482,35.07068232794239,0.08094549532269012,0.12104936996488329,0.35665594475757667,0.05034378965384956,0.001032844453625284,0.38229999704901585
2,TARAPACÁ,2021,74227,0.048577784205921064,0.047174728518457505,0.5124227158232196,32.26025103404846,0.03280283947790245,0.07196015571330433,0.2374627891000687,0.07745591939546599,0.005123654682848638,0.45868158919166474
2,TARAPACÁ,2022,78631,0.04921875684628395,0.048577784205921064,0.5113772616433373,32.73944734112068,0.03785684454443801,0.07386799951500128,0.23282633004162906,0.07596966063561776,0.005159847494846889,0.4673770999770973
2,TARAPACÁ,2023,86526,0.047886965376782074,0.04921875684628395,0.5090867469573069,32.4332099660422,0.07240147015808014,0.0880568732433773,0.2195953249990462,0.07531380753138076,0.005023464028182269,0.4731212880416121
3,ANTOFAGASTA,2021,107755,0.07052014950232427,0.06985670419651996,0.5288449457314892,31.575900796412277,0.023717707095015802,0.08984507137541438,0.1398513535716702,0.28957058772362204,0.001082470739462824,0.382634076565475
3,ANTOFAGASTA,2022,114696,0.07179349792373725,0.07052014950232427,0.5268897034940374,32.20445665389006,0.02493619785624797,0.08933228156466057,0.14041111781355853,0.28671523363185003,0.0011785996009465918,0.3864971463041158
3,ANTOFAGASTA,2023,128744,0.0712521030726999,0.07179349792373725,0.5232353351468229,32.22643648094864,0.05146648531770942,0.09502510985561834,0.13288170468019808,0.29069889098137686,0.0011944618818441795,0.3855060333403083
4,ATACAMA,2021,20163,0.013195654720573192,0.013064331875889523,0.49483204134366926,31.63767441860465,0.038656330749354005,0.16945736434108527,0.10475452196382429,0.20155038759689922,0.018656330749354005,0.325374677002584
4,ATACAMA,2022,22086,0.01382464249096447,0.013195654720573192,0.4928830035213014,32.09616624510242,0.04979417745375192,0.1729405346426623,0.10459753012944502,0.2034419481227992,0.017953677528145612,0.32614194316321976
4,ATACAMA,2023,27266,0.015090100061985301,0.01382464249096447,0.4907633795164357,31.593208059769076,0.08245042108122792,0.1793443810558725,0.09920311509553563,0.20125871592864258,0.015575477678167166,0.3392646925654261
5,COQUIMBO,2021,36308,0.023761733452094008,0.02368391203484902,0.4703098720031928,32.88274367819369,0.04438552980415633,0.3135209099461216,0.08603437954331651,0.1599247412982126,0.14210781379172724,0.07565780096353944
5,COQUIMBO,2022,39326,0.024615950855730723,0.023761733452094008,0.4740002203371158,33.40700749228735,0.05580037457309684,0.31632147185193343,0.08480224743858103,0.16494987330615843,0.1346259777459513,0.07813704968601962
5,COQUIMBO,2023,48871,0.02704717524129992,0.024615950855730723,0.47179982708640594,32.92108743197193,0.10084931088847073,0.3366983674922443,0.0807608198138636,0.16447134211463155,0.12050551797792809,0.0804048212378579
6,VALPARAÍSO,2021,101146,0.066194896214209,0.06680228365871509,0.4601336122818188,33.228207253467026,0.03678885823150703,0.357185450208706,0.05180760639964424,0.07661987204754253,0.1884115096570753,0.03457546264010592
6,VALPARAÍSO,2022,106355,0.06657248266442661,0.066194896214209,0.4660391908726,33.834275995728355,0.05896426947185257,0.3599549166551322,0.05245882190101438,0.07840151859687976,0.18169774385541693,0.03586894192553339
6,VALPARAÍSO,2023,122433,0.06775934207030904,0.06657248266442661,0.4650745145973391,33.555415546068346,0.09496497578863242,0.3727422312068074,0.05238117624935358,0.081359597574162,0.16951718301913404,0.03840910159371915
7,METROPOLITANA DE SANTIAGO,2021,942503,0.6168201240442591,0.6203329615456286,0.496992256161603,33.65127472247589,0.018783297688820682,0.34969933445436685,0.19495099559749454,0.10351057635272286,0.12323641291038806,0.027487089067746343
7,METROPOLITANA DE SANTIAGO,2022,976302,0.6111122934534816,0.6168201240442591,0.4971336961261662,34.40050188338904,0.02422803959244692,0.3480264784303074,0.19447259053817334,0.10552539355312397,0.12165372417912729,0.028979218103284552
7,METROPOLITANA DE SANTIAGO,2023,1089049,0.6027234791463738,0.6111122934534816,0.4955013919873154,34.538581464098186,0.047912428736190234,0.3502850552390551,0.19202869603872572,0.10847155900530778,0.1191844326857878,0.030170992172504
8,LIBERTADOR GENERAL BERNARDO O'HIGGINS,2021,46279,0.03028724420043678,0.029606409151918936,0.4384392602221158,32.4808091404593,0.029828282137237462,0.342751590613669,0.04542655811726072,0.08052267907231306,0.2860596109552804,0.05874438439260222
8,LIBERTADOR GENERAL BERNARDO O'HIGGINS,2022,50130,0.031378671016573795,0.03028724420043678,0.4434840856544005,32.94582622036865,0.040666392964411505,0.345232178741978,0.04572268199399296,0.0823267572765185,0.2755245359666371,0.0684543745543335
8,LIBERTADOR GENERAL BERNARDO O'HIGGINS,2023,60238,0.033338129814929604,0.031378671016573795,0.4416317574306802,32.36470095359694,0.086754438460004,0.342130460801915,0.04582086574905246,0.08300418910831837,0.2577897466586874,0.09030520646319569
9,MAULE,2021,42529,0.02783306053718481,0.027845593775571657,0.43457071503042943,32.964864209505336,0.032975292776956086,0.3708508110467231,0.022961472249836336,0.06352593167325364,0.34320975680721577,0.0165603860048978
9,MAULE,2022,44892,0.028099966073728923,0.02783306053718481,0.4383832208610595,33.48225749559083,0.054974252862752475,0.3803052035081944,0.0240071480636742,0.0656728350067013,0.3288344423804933,0.018011239389592985
9,MAULE,2023,52954,0.02930687151332684,0.028099966073728923,0.44036799429742496,33.092251826768845,0.09732246279960795,0.3966185511895215,0.024659182036888532,0.06669339748730287,0.31047848168938785,0.021340105141227837
10,ÑUBLE,2021,11830,0.007742131396338881,0.0074935927385270185,0.44211190197315076,33.35354536444725,0.023605730245968105,0.3529146769979277,0.03639967564645463,0.06622218217857465,0.2782232633570592,0.01675826651049644
10,ÑUBLE,2022,12849,0.008042779650747192,0.007742131396338881,0.44911242603550294,33.854945054945055,0.0327134404057481,0.3830938292476754,0.042265426880811495,0.06458157227387996,0.25198647506339816,0.016483516483516484
10,ÑUBLE,2023,14314,0.007921942796422563,0.008042779650747192,0.4512413417386567,33.61021170610212,0.058214647054245464,0.4142734843178457,0.043738812358938436,0.0670869328352401,0.22748852050743248,0.018678496381041326
11,BIOBÍO,2021,37575,0.02459092030578474,0.02460820507557733,0.47297519754170325,32.55451901443231,0.044282265144863914,0.5006584723441615,0.0408801580333626,0.07599868305531168,0.09668568920105355,0.01056299385425812
11,BIOBÍO,2022,40344,0.025253163843859033,0.02459092030578474,0.47608782435129743,33.056902563010674,0.059347970725216234,0.5014770459081836,0.04154357950765136,0.0782168995342648,0.092375249500998,0.010778443113772455
11,BIOBÍO,2023,50463,0.02792825201452227,0.025253163843859033,0.4729327781082689,32.49623221456547,0.10653380924053144,0.5137814792782074,0.042112829664882015,0.08028455284552846,0.08318461233392822,0.010980567122744398
12,LA ARAUCANÍA,2021,22064,0.014439762225597725,0.014642854249317414,0.4598856510512726,34.32228165636816,0.028218369605311693,0.24575802286978973,0.03112320177056437,0.06533566949465142,0.18148284765769088,0.01115824419033567
12,LA ARAUCANÍA,2022,22857,0.014307246826766951,0.014439762225597725,0.46528281363306745,34.935409301060645,0.04396301667875272,0.2555746918056563,0.03154459753444525,0.06626178390137781,0.1696881798404641,0.012101160261058739
12,LA ARAUCANÍA,2023,25227,0.013961635526432304,0.014307246826766951,0.4650654066587916,34.98556051457075,0.06536290851817823,0.2739642122763267,0.03263770398564991,0.07030668941680886,0.15535722098263113,0.012862580391127445
13,LOS RÍOS,2021,8404,0.0054999892015918815,0.005578165889333294,0.45715323166303556,34.02348099733721,0.03328491890583394,0.2638586298717018,0.02420721374969741,0.08472524812394093,0.1784071653352699,0.014524328249818447
13,LOS RÍOS,2022,8756,0.005480782833056456,0.0054999892015918815,0.4565683008091385,34.78605425987625,0.03998096144693003,0.26653974297953353,0.026653974297953357,0.08781532603522132,0.16753926701570682,0.015111851499286054
13,LOS RÍOS,2023,9379,0.005190715487470114,0.005480782833056456,0.4582000913659205,35.047967108268615,0.06155778894472362,0.2997944266788488,0.02683873915029694,0.09090909090909091,0.14858382823206945,0.016217450890817726
14,LOS LAGOS,2021,29330,0.019194988491514742,0.018977376763178434,0.4581613775437598,33.77351643660168,0.042265547175181446,0.39664864095631136,0.02565106019638537,0.08759072150277501,0.1510957734452825,0.008396186139177458
14,LOS LAGOS,2022,31115,0.01947630857132842,0.019194988491514742,0.46474599386293897,34.18960109103307,0.06948516876917832,0.4089328332765087,0.025127855438117967,0.09011251278554382,0.14217524718718036,0.01039890896692806
14,LOS LAGOS,2023,37720,0.020875763747454174,0.01947630857132842,0.46385987465852485,33.67838663024265,0.1040334243933794,0.42153302265788206,0.025871766029246346,0.09185280411377149,0.13151213241201992,0.011569982323638118
15,AYSÉN DEL GENERAL CARLOS IBÁÑEZ DEL CAMPO,2021,4063,0.0026590261930114012,0.0027046880359076707,0.5049925112331503,35.36994508237643,0.037693459810284574,0.20219670494258613,0.031702446330504244,0.17523714428357465,0.0946080878681977,0.007239141288067898
15,AYSÉN DEL GENERAL CARLOS IBÁÑEZ DEL CAMPO,2022,4159,0.0026033092511057337,0.0026590261930114012,0.5089835097218803,36.145212896874234,0.04577898104848634,0.2020674378538026,0.03199606202313562,0.18065468865370415,0.08786610878661087,0.007383706620723603
15,AYSÉN DEL GENERAL CARLOS IBÁÑEZ DEL CAMPO,2023,4555,0.002520920038962189,0.0026033092511057337,0.5092570329406108,36.56167347920173,0.05890839144025006,0.20389516710747776,0.0331810531377735,0.19620100985813899,0.07646068766530416,0.007453714835296946
16,MAGALLANES Y DE LA ANTÁRTICA CHILENA,2021,10471,0.006852735236776367,0.0068960767845134665,0.5171333463873116,33.80761699627961,0.021636968866261992,0.26365772469159976,0.02476992363422753,0.25543371842569024,0.019678872136283533,0.011748580379870765
16,MAGALLANES Y DE LA ANTÁRTICA CHILENA,2022,11197,0.007008716923450565,0.006852735236776367,0.5155190526215261,34.391175627924746,0.025116989781300735,0.25661350396332727,0.025498997230445995,0.2643491548085188,0.019100372457262916,0.012510743959507211
16,MAGALLANES Y DE LA ANTÁRTICA CHILENA,2023,12216,0.006760825290002656,0.007008716923450565,0.5141555773868001,34.29909797267125,0.0416182906135572,0.26212378315620255,0.023220505492542644,0.2811467357327856,0.017147450209877645,0.013039206930427793
