pregunta,anio_test,conjunto,modelo,n_vars,rmse,mae,r2,skill,skill_vs_drift
redistribucion,2023,NO HACER NADA (persistencia),-,0,0.002457877457681864,0.0015155561184019002,0.0,0.0,
redistribucion,2023,mejor_sola,lineal,1,0.0014658621155966018,0.0012335424461915679,0.6443148047860069,0.6443148047860069,
redistribucion,2023,mejor_sola,knn_5,1,0.00204367545830923,0.0014423967501591556,0.3086413412640896,0.3086413412640896,
redistribucion,2023,mejor_sola,random_forest,1,0.0019820194571430094,0.0015513264395413322,0.3497275208700157,0.3497275208700157,
redistribucion,2023,mejor_sola,gradient_boosting,1,0.0016022161943406823,0.0012743960358086305,0.5750657067855032,0.5750657067855032,
redistribucion,2023,seleccionadas,lineal,6,0.004242061177009976,0.0018772707817109645,-1.9787455178303963,-1.9787455178303963,
redistribucion,2023,seleccionadas,knn_5,6,0.002051011721759973,0.0013747033252129183,0.3036688366523307,0.3036688366523307,
redistribucion,2023,seleccionadas,random_forest,6,0.0018351658251345869,0.001341768149786038,0.44251886798970375,0.44251886798970375,
redistribucion,2023,seleccionadas,gradient_boosting,6,0.001459169747796863,0.0011796431911358768,0.647555140066157,0.647555140066157,
redistribucion,2023,todas,lineal,16,0.011699753829657626,0.010594318902449369,-21.658595946680556,-21.658595946680556,
redistribucion,2023,todas,knn_5,16,0.0020143288268696575,0.0013276617020102233,0.32835423161234145,0.32835423161234145,
redistribucion,2023,todas,random_forest,16,0.0018414612317739106,0.0013460108981320064,0.43868750840548953,0.43868750840548953,
redistribucion,2023,todas,gradient_boosting,16,0.0014820691120389629,0.0011975171923389164,0.6364062080448614,0.6364062080448614,
crecimiento,2023,NO HACER NADA (persistencia),-,0,0.1464977450201705,0.13710640296438092,-7.0578957101964335,0.0,-0.9938262131186575
crecimiento,2023,NO HACER NADA (drift historico),-,0,0.10374980499749749,0.09000332479889321,-3.0414232981683087,0.4984517740712001,0.0
crecimiento,2023,mejor_sola,lineal,1,0.08395393827813544,0.0715232590001296,-1.6463172634408814,0.6715870546584215,0.3452016608504559
crecimiento,2023,mejor_sola,knn_5,1,0.09160578280544447,0.07632783792577873,-2.1506890464621247,0.6089935685720959,0.22040112752106178
crecimiento,2023,mejor_sola,random_forest,1,0.09025018673019813,0.07481190880063357,-2.0581302653261777,0.6204802872471493,0.24330364831810314
crecimiento,2023,mejor_sola,gradient_boosting,1,0.09156017821668008,0.07619992045586807,-2.1475527791230835,0.6093827852425315,0.22117715792115944
crecimiento,2023,seleccionadas,lineal,5,0.08884558717386525,0.07986023521830746,-1.9636812080525443,0.632201592743089,0.26667389446787926
crecimiento,2023,seleccionadas,knn_5,5,0.09516189107229285,0.08465200472937463,-2.400054591804494,0.5780468357883961,0.15869872048654277
crecimiento,2023,seleccionadas,random_forest,5,0.10058103681657898,0.08737130389173946,-2.7983237479808247,0.528620885081146,0.06015196435811698
crecimiento,2023,seleccionadas,gradient_boosting,5,0.10004409881368043,0.08462413087695209,-2.7578783373496094,0.5336402365453299,0.0701596788802622
crecimiento,2023,todas,lineal,15,0.35349890596854694,0.3420333897418705,-45.91761321636898,-4.822563967538025,-10.609180666037487
crecimiento,2023,todas,knn_5,15,0.09376446355305688,0.08173897705287324,-2.300929957325432,0.5903483892018551,0.18322588014437635
crecimiento,2023,todas,random_forest,15,0.09655672351656609,0.08243785318075186,-2.5004574520924834,0.5655866521500128,0.13385527972806188
crecimiento,2023,todas,gradient_boosting,15,0.10327556986859755,0.08920201086252272,-3.0045614536123404,0.5030263982512231,0.009121005605296162
redistribucion,2022,NO HACER NADA (persistencia),-,0,0.0015447040389803086,0.000816704824709137,0.0,0.0,
redistribucion,2022,mejor_sola,lineal,1,0.001341502148100825,0.0006837000023834471,0.24579018363100769,0.24579018363100769,
redistribucion,2022,mejor_sola,knn_5,1,0.001549670252685972,0.0007582654651343784,-0.006440323522113545,-0.006440323522113545,
redistribucion,2022,mejor_sola,random_forest,1,0.0012273489626355688,0.0006836914234717357,0.3686858034752888,0.3686858034752888,
redistribucion,2022,mejor_sola,gradient_boosting,1,0.0010802284809501626,0.0006676837968974845,0.5109641662526185,0.5109641662526185,
redistribucion,2022,seleccionadas,lineal,6,0.0007902304611811211,0.000607465757789367,0.7382920179214784,0.7382920179214784,
redistribucion,2022,seleccionadas,knn_5,6,0.0014198074414571895,0.0007037542084219041,0.15517193636533055,0.15517193636533055,
redistribucion,2022,seleccionadas,random_forest,6,0.0012878760056259208,0.0007099014956652857,0.30488359253697106,0.30488359253697106,
redistribucion,2022,seleccionadas,gradient_boosting,6,0.0008541184783785001,0.0005934749949578364,0.6942646393347103,0.6942646393347103,
redistribucion,2022,todas,lineal,16,0.021046674358707218,0.019798897114425174,-184.64206851694072,-184.64206851694072,
redistribucion,2022,todas,knn_5,16,0.0013799520558503305,0.0008002985295657741,0.20193653137872025,0.20193653137872025,
redistribucion,2022,todas,random_forest,16,0.0012937229959125568,0.0006946975354966101,0.2985575720716368,0.2985575720716368,
redistribucion,2022,todas,gradient_boosting,16,0.0010413403090837126,0.0006905331145396651,0.5455409091908271,0.5455409091908271,
crecimiento,2022,NO HACER NADA (persistencia),-,0,0.0604986900771844,0.0566122222622934,-7.041545117357057,0.0,-3.4807767885196608
crecimiento,2022,NO HACER NADA (drift historico),-,0,0.028580466710590325,0.024104030841632648,-0.7946765699109475,0.7768244107668716,0.0
crecimiento,2022,mejor_sola,lineal,1,0.02745796040333102,0.022937890433506247,-0.6564720371240962,0.7940107264275955,0.07700804429274355
crecimiento,2022,mejor_sola,knn_5,1,0.02546996097473016,0.02121410726371571,-0.4252928917933536,0.8227588266940182,0.2058218646805664
crecimiento,2022,mejor_sola,random_forest,1,0.02635993026515177,0.02312626741404567,-0.5266380205245538,0.8101561331504038,0.14935200797751202
crecimiento,2022,mejor_sola,gradient_boosting,1,0.031165183510053263,0.026829441679096067,-1.1339632558555155,0.7346326825612755,-0.18905171641116558
crecimiento,2022,seleccionadas,lineal,5,0.033479052134091136,0.0291414414392582,-1.4625999566130483,0.6937653248630395,-0.37216922419355125
crecimiento,2022,seleccionadas,knn_5,5,0.03178150388760741,0.027402161102313284,-1.2192000225946078,0.7240331316671176,-0.23654593802644075
crecimiento,2022,seleccionadas,random_forest,5,0.030246461152125807,0.02604388475410191,-1.0100029685993803,0.7500476663047075,-0.11998061505818702
crecimiento,2022,seleccionadas,gradient_boosting,5,0.03159649996660931,0.027784480998589527,-1.1934387656249479,0.7272366524574265,-0.22219167642768456
crecimiento,2022,todas,lineal,15,1.0727401758513875,0.9931279062126407,-2527.3468494730573,-313.41057813825046,-1407.8036205869198
crecimiento,2022,todas,knn_5,15,0.03315573762956184,0.028676216512728933,-1.415265894061485,0.6996515148751302,-0.3457945206145592
crecimiento,2022,todas,random_forest,15,0.02872558637086822,0.02401893093070661,-0.8129480744835194,0.7745522722280809,-0.010180945624914672
crecimiento,2022,todas,gradient_boosting,15,0.026917619671540882,0.021770978428814168,-0.5919186299172161,0.8020382144618972,0.1129774263469614
