CODREGEO,REGION,rate_lag1,rate,crecimiento,predicho,error,rate_predicho
1,ARICA Y PARINACOTA,0.0212114307747583,0.0204357788010271,0.0858573684045729,0.06050540435720565,-0.025351964047367254,
2,TARAPACÁ,0.0492187568462839,0.047886965376782,0.09567892309324277,0.06260773579461598,-0.03307118729862679,
3,ANTOFAGASTA,0.0717934979237372,0.0712521030726999,0.11554078657222698,0.0655379988247725,-0.05000278774745448,
4,ATACAMA,0.0138246424909644,0.0150901000619853,0.21069658113899892,0.06543769292526631,-0.14525888821373262,
5,COQUIMBO,0.0246159508557307,0.0270471752412999,0.21729829578674673,0.056368329602874856,-0.16092996618387187,
6,VALPARAÍSO,0.0665724826644266,0.067759342070309,0.1407813864680857,0.04357649760215047,-0.09720488886593523,
7,METROPOLITANA DE SANTIAGO,0.6111122934534816,0.6027234791463738,0.1092881525491512,0.048615997413154394,-0.0606721551359968,
8,LIBERTADOR GENERAL BERNARDO O'HIGGINS,0.0313786710165737,0.0333381298149296,0.18368375113386784,0.046838979419370284,-0.13684477171449755,
9,MAULE,0.0280999660737289,0.0293068715133268,0.16516400700524136,0.04533013598206393,-0.11983387102317744,
10,ÑUBLE,0.0080427796507471,0.0079219427964225,0.1079720920150622,0.04609352062733166,-0.061878571387730535,
11,BIOBÍO,0.025253163843859,0.0279282520145222,0.2237977097033307,0.052806557735161554,-0.17099115196816916,
12,LA ARAUCANÍA,0.0143072468267669,0.0139616355264323,0.0986574333598883,0.042203327014671485,-0.05645410634521682,
13,LOS RÍOS,0.0054807828330564,0.0051907154874701,0.06873396786618502,0.04319709539361393,-0.02553687247257109,
14,LOS LAGOS,0.0194763085713284,0.0208757637474541,0.19250043974407546,0.0445373928293968,-0.14796304691467865,
15,AYSÉN DEL GENERAL CARLOS IBÁÑEZ DEL CAMPO,0.0026033092511057,0.0025209200389621,0.09095086995114697,0.037162033652740185,-0.053788836298406785,
16,MAGALLANES Y DE LA ANTÁRTICA CHILENA,0.0070087169234505,0.0067608252900026,0.08710068263827146,0.034942885987873214,-0.05215779665039825,
