CODREGEO,REGION,rate_lag1,rate,redistribucion,predicho,error,rate_predicho
1,ARICA Y PARINACOTA,0.0212114307747583,0.0204357788010271,-0.0007756519737311986,0.000293670998016302,0.0010693229717475005,0.0215051017727746
2,TARAPACÁ,0.0492187568462839,0.047886965376782,-0.0013317914695019015,0.0007317224182017198,0.002063513887703621,0.04995047926448562
3,ANTOFAGASTA,0.0717934979237372,0.0712521030726999,-0.0005413948510372968,0.00010721954761898606,0.0006486143986562828,0.07190071747135618
4,ATACAMA,0.0138246424909644,0.0150901000619853,0.0012654575710209,0.00038608776349377674,-0.0008793698075271234,0.014210730254458176
5,COQUIMBO,0.0246159508557307,0.0270471752412999,0.0024312243855692008,0.00037518386964933927,-0.0020560405159198614,0.02499113472538004
6,VALPARAÍSO,0.0665724826644266,0.067759342070309,0.0011868594058823956,-0.00037188631051134524,-0.0015587457163937408,0.06620059635391526
7,METROPOLITANA DE SANTIAGO,0.6111122934534816,0.6027234791463738,-0.008388814307107806,-0.003035687996304883,0.005353126310802923,0.6080766054571767
8,LIBERTADOR GENERAL BERNARDO O'HIGGINS,0.0313786710165737,0.0333381298149296,0.0019594587983558995,0.0003992434089972153,-0.0015602153893586842,0.031777914425570916
9,MAULE,0.0280999660737289,0.0293068715133268,0.001206905439597901,2.3759116134838583e-05,-0.0011831463234630623,0.028123725189863738
10,ÑUBLE,0.0080427796507471,0.0079219427964225,-0.00012083685432459981,0.00021134995218189672,0.0003321868065064965,0.008254129602928997
11,BIOBÍO,0.025253163843859,0.0279282520145222,0.0026750881706632014,0.00023654220085439135,-0.00243854596980881,0.02548970604471339
12,LA ARAUCANÍA,0.0143072468267669,0.0139616355264323,-0.0003456113003346001,7.164080406223995e-05,0.00041725210439684003,0.01437888763082914
13,LOS RÍOS,0.0054807828330564,0.0051907154874701,-0.0002900673455862998,-1.2425971976128858e-05,0.0002776413736101709,0.005468356861080271
14,LOS LAGOS,0.0194763085713284,0.0208757637474541,0.0013994551761257017,7.457687723311778e-05,-0.001324878298892584,0.01955088544856152
15,AYSÉN DEL GENERAL CARLOS IBÁÑEZ DEL CAMPO,0.0026033092511057,0.0025209200389621,-8.238921214359998e-05,-5.737350806875065e-05,2.501570407484933e-05,0.0025459357430369493
16,MAGALLANES Y DE LA ANTÁRTICA CHILENA,0.0070087169234505,0.0067608252900026,-0.0002478916334479001,3.278318426615833e-05,0.00028067481771405843,0.0070415001077166585
