variable,correlacion,info_mutua,r2_test_1var,skill_test_1var,importancia_perm,importancia_std,pregunta,usable_para_predecir
censo_n_migrantes,0.9991688650372187,1.7155512470238221,0.9984767167716353,-4.005768944133268,0.11771130416955375,0.03283356826173998,nivel_rate,False
sol_total_lag1,0.8402404630717916,0.20041530865989188,0.9808897366917728,-61.7995902542861,0.11215611390575614,0.022091082881784605,nivel_rate,True
censo_pct_ocupado,0.3811010915858663,0.2703713749623118,0.14892697831654345,-2795.771356634777,0.10917227604565877,0.021190949260210847,nivel_rate,False
sol_share_lag1,0.9976037514961942,1.1085455065842202,0.9959458481207649,-12.322635734432668,0.1022101210834105,0.019901842489701276,nivel_rate,True
censo_pct_urbano,0.38024227927860205,0.17340499411180854,0.14663108388333523,-2803.3160580000645,0.06862021363795047,0.013318387214472482,nivel_rate,False
sol_otorgadas_lag1,0.8533493975021607,0.23608351758661472,0.7482499605886699,-826.2936414604843,0.0502024189407284,0.012725048368306537,nivel_rate,True
censo_mean_escolaridad,0.23016345073851008,0.10791418541976139,0.053369327771059294,-3109.7901225266733,0.009192363861323964,0.0042242628419633275,nivel_rate,False
pct_peru_lag1,0.30998171633569016,0.279540487931655,0.1033806023858892,-2945.44452962457,0.0029555740595374027,0.001184246545293998,nivel_rate,True
censo_pct_mujer,0.20968505933179948,0.43502302213994337,0.04151532050031281,-3148.744415697177,0.0013520525396474045,0.0004824887937733983,nivel_rate,False
censo_mean_edad,0.18147919967468598,0.1424050868971558,0.03312910635973243,-3176.3029481631543,0.001322282119250299,0.0006531519236825031,nivel_rate,False
macro_inflacion_origen_lag1,-0.22741853851190016,0.2165278933430974,-0.0607682968011376,-3484.8658574929045,1.0865902906861032e-05,9.17255183973882e-06,nivel_rate,True
macro_desempleo_origen_lag1,-0.10422742705646722,0.13556553615756917,-0.03537533468555587,-3401.420245547065,3.5411053425897047e-06,6.406582440417084e-06,nivel_rate,True
pct_irregular_lag1,-0.36303539702070237,0.0,-1.3019623244718521,-7563.641492689479,0.0,0.0,nivel_rate,True
macro_crecimiento_pib_origen_lag1,0.010308106570343782,0.0,-0.0004491453695587566,-3286.64682025135,0.0,0.0,nivel_rate,True
sol_pct_otorga_lag1,0.04609398843069653,0.1480926646065086,-0.01754799668006113,-3342.836567027693,0.0,0.0,nivel_rate,True
mean_age_lag1,0.028655589208681408,0.08910648163067014,0.005592691065267386,-3266.792313467702,-5.820013605692213e-05,3.326833583781505e-05,nivel_rate,True
pct_haiti_lag1,-0.03299543702794794,0.23938815428927418,-0.0009407100429057458,-3288.262185752692,-9.943923436164236e-05,6.299900025879385e-05,nivel_rate,True
pct_women_lag1,0.1711509108827053,0.042585629411746595,0.027056666184888334,-3196.2580240652064,-0.00011355549022914468,5.021878575495354e-05,nivel_rate,True
pct_colombia_lag1,-0.04280049606088643,0.2659194352041814,0.002209001620171014,-3277.9116950938214,-0.00011553679508538769,0.00019144909112333894,nivel_rate,True
pct_bolivia_lag1,-0.07780631852545422,0.28878410987147296,0.0067511576368609605,-3262.985394387312,-0.00015351861480797553,0.0001490123872897079,nivel_rate,True
pct_venezuela_lag1,0.12779637509401862,0.2955556500032084,0.007994097716807591,-3258.900880926021,-0.00015947550899119515,0.00011377097243018632,nivel_rate,True
censo_pct_venezuela,0.05785124700740022,0.37253521284039604,0.0038284584220837914,-3272.5898833555784,-0.0005136763016358569,0.0002450138095451046,nivel_rate,False
censo_pct_llegada_reciente,-0.026399678576782132,0.5317990913171613,0.0008444592100825821,-3282.395814587939,-0.0005499873845342044,0.0002497741039097532,nivel_rate,False
