config,anio_test,rmse,r2,skill,corr_pred_real,aciertos_direccion,n_vars,cv_rmse
ronda1: GB base5,2023,0.001502935784038883,0.6260957541553739,0.6260957541553739,0.8330490459492068,8,5,0.0008856826512865154
ronda1: GB base5,2022,0.0009256048882104552,0.6409452183173179,0.6409452183173179,0.854583565627501,11,5,0.0011039831094769952
base5 + derivadas,2023,0.0013773963484993794,0.6859510095198176,0.6859510095198176,0.8784657079002597,9,9,0.0008940692672052356
base5 + derivadas,2022,0.0009315438287411931,0.6363228441765577,0.6363228441765577,0.8475955151205472,10,9,0.0008688900928998031
solo derivadas,2023,0.0014714090281013152,0.6416178423268575,0.6416178423268575,0.8430932803983535,8,4,0.0009128528389181897
solo derivadas,2022,0.0012606292755833182,0.3339846896693781,0.3339846896693781,0.7142676248026646,9,4,0.0009634662529518218
base5 + redist_lag1,2023,0.0013418154068069493,0.7019664915362697,0.7019664915362697,0.8836547685501389,11,6,0.0008937298594342055
base5 + redist_lag1,2022,0.0012328811261353475,0.3629817949182489,0.3629817949182489,0.7184526438931957,10,6,0.0011854354027773626
base5 + presion,2023,0.0015118487952248158,0.6216478001904303,0.6216478001904303,0.828558655079192,6,6,0.0009185277304631934
base5 + presion,2022,0.0008701777689788535,0.6826595717036102,0.6826595717036102,0.8638824709005487,9,6,0.0009530778269519775
base5 + rate_lag2,2023,0.001459169747796863,0.647555140066157,0.647555140066157,0.8532083528946414,11,6,0.000870062943877088
base5 + rate_lag2,2022,0.0008541184783785001,0.6942646393347103,0.6942646393347103,0.8793279165898074,11,6,0.0010882447940917645
1 var + derivadas,2023,0.0014766326112833252,0.639068772834154,0.639068772834154,0.845817654850791,8,5,0.0009191242127977775
1 var + derivadas,2022,0.0010513135982477071,0.5367941885578831,0.5367941885578831,0.8709968002626254,11,5,0.0008467296831316355
"base5, RF",2023,0.0018277334619661832,0.4470252857231122,0.4470252857231122,0.8384123155858744,9,5,0.0008111865644096288
"base5, RF",2022,0.0012874368909383427,0.3053575260307231,0.3053575260307231,0.7243168430826339,9,5,0.0008707172455917478
"base5 + derivadas, RF",2023,0.0018323500835650429,0.4442282705334547,0.4442282705334547,0.8549704310126196,8,9,0.0008710057433175596
"base5 + derivadas, RF",2022,0.0012687955589167858,0.32532792407523947,0.32532792407523947,0.7771629895987214,9,9,0.0008585867688460081
"base5, lineal",2023,0.0036278719364021806,-1.1786298174034155,-1.1786298174034155,-0.7553566025649208,8,5,0.0012884671011847472
"base5, lineal",2022,0.001315316879580859,0.27494621712776435,0.27494621712776435,0.9158067588504983,6,5,0.001137457254113676
"1 var, lineal",2023,0.0014658621155966018,0.6443148047860069,0.6443148047860069,0.8590103647326627,5,1,0.0007396320540286285
"1 var, lineal",2022,0.001341502148100825,0.24579018363100769,0.24579018363100769,0.9284853709510398,12,1,0.0005464574416528037
"15 vars, Ridge",2023,0.0017945332848765948,0.46693203635878666,0.46693203635878666,0.8497755424300493,8,15,0.001064222649229344
"15 vars, Ridge",2022,0.0012665802464397774,0.327681817365323,0.327681817365323,0.6136196827948944,9,15,0.0011946646432260996
"15 vars, Lasso",2023,0.0016094439350850596,0.571223226096666,0.571223226096666,0.8658540198776795,8,15,0.0008075951139324851
"15 vars, Lasso",2022,0.001338810936846477,0.24881321568827952,0.24881321568827952,0.6569701488355562,12,15,0.0005198477141367174
"15 vars, ElasticNet",2023,0.0017198710809189508,0.5103662619355043,0.5103662619355043,0.8767237090188315,8,15,0.0008981640275977203
"15 vars, ElasticNet",2022,0.0013035294162599955,0.28788340246554744,0.28788340246554744,0.8290974689938032,12,15,0.0007624203316899548
"todas 19, GB",2023,0.00138777635292153,0.6811998529073038,0.6811998529073038,0.8787426223074952,10,19,0.0009180783434050854
"todas 19, GB",2022,0.0011014211007877987,0.49158749912581057,0.49158749912581057,0.8518669606767139,11,19,0.0010068603851365542
"todas 19, Ridge",2023,0.0011889658496095122,0.7659986794188391,0.7659986794188391,0.8898164194274262,13,19,0.0011845196410835254
"todas 19, Ridge",2022,0.0011906744469525187,0.405850819482777,0.405850819482777,0.7218976442806985,6,19,0.0008290468079539877
"target multiplicativo, base5",2023,0.0015965703965465027,0.5780551487974348,0.5780551487974348,0.8429025050277961,9,5,
"target multiplicativo, base5",2022,0.001244854616611614,0.3505485297897055,0.3505485297897055,0.9486082023845573,13,5,
"target multiplicativo, base5 + derivadas",2023,0.0013555804076216154,0.6958203795697162,0.6958203795697162,0.8548653515542782,9,9,
"target multiplicativo, base5 + derivadas",2022,0.0015712453567493189,-0.034659501605609266,-0.034659501605609266,0.3320681034677037,11,9,
