target,modelo,rmse,mae,mape,r2,r2_persistencia,skill_vs_persistencia
estimation,pred_lineal + renorm (total_real (cota optimista)),3504.826916715691,2393.022017220456,6.656218115208583,0.9998104761206613,0.9868086407207696,0.9856327255344264
estimation,pred_lineal + renorm (total_proyectado (honesta)),23106.636478983648,8758.815017000341,7.133423375272974,0.9917623326561115,0.9868086407207696,0.37552551109280663
estimation,pred_random_forest + renorm (total_real (cota optimista)),108240.2080059096,47065.519616789985,33.68623695804727,0.8192376317302301,0.9868086407207696,-12.703088851076735
estimation,pred_random_forest + renorm (total_proyectado (honesta)),115763.56167931498,48399.36772383825,32.580833143539735,0.7932361802799842,0.9868086407207696,-14.674186059473202
estimation,pred_gradient_boosting + renorm (total_real (cota optimista)),4626.133911553801,3007.498814125116,7.41197268428669,0.9996698075137777,0.9868086407207696,0.9749690324375994
estimation,pred_gradient_boosting + renorm (total_proyectado (honesta)),23898.052297620412,8984.048910947495,7.964575081196583,0.9911883791748652,0.9868086407207696,0.33201570523452306
estimation,pred_extra_trees + renorm (total_real (cota optimista)),3142.7381631670846,2173.3175680711256,7.7801488271564665,0.9998476132576738,0.9868086407207696,0.9884479878759646
estimation,pred_extra_trees + renorm (total_proyectado (honesta)),22891.992700470597,8916.425174995135,8.798713234446026,0.9919146656510125,0.9868086407207696,0.387073448775086
estimation,pred_lineal_log + renorm (total_real (cota optimista)),107146.31583218796,50518.11729269619,50.40542095593308,0.8228727942221785,0.9868086407207696,-12.42751736409041
estimation,pred_lineal_log + renorm (total_proyectado (honesta)),82450.03838472425,44909.31103519368,52.58876483666639,0.8951152105758632,0.9868086407207696,-6.9510221201598466
estimation,pred_random_forest_log + renorm (total_real (cota optimista)),128936.64669435713,59854.48812774196,59.693783923630825,0.7435022684497907,0.9868086407207696,-18.44437461832012
estimation,pred_random_forest_log + renorm (total_proyectado (honesta)),137047.08091337243,57141.94623216946,48.80066876065961,0.7102186940031048,0.9868086407207696,-20.967509174975724
estimation,pred_gradient_boosting_log + renorm (total_real (cota optimista)),2325.148950801633,1718.9072910034893,3.5217619728253617,0.9999165872681546,0.9868086407207696,0.9936767144249715
estimation,pred_gradient_boosting_log + renorm (total_proyectado (honesta)),21303.2980496083,8410.064225821881,7.109078891562258,0.9929979618390179,0.9868086407207696,0.46919509864258824
estimation,pred_extra_trees_log + renorm (total_real (cota optimista)),2157.932745939581,1670.4993381813392,3.948471884260711,0.9999281533377704,0.9868086407207696,0.9945535057677709
estimation,pred_extra_trees_log + renorm (total_proyectado (honesta)),19643.575918874547,8387.159052563336,7.0905360379674685,0.9940465064751829,0.9868086407207696,0.5486823306987914
estimation,persistencia + renorm (total_real (cota optimista)),4441.089620736133,2738.428039218008,4.416024029542033,0.9996956944586606,0.9868086407207696,0.9769314492238431
estimation,persistencia + renorm (total_proyectado (honesta)),17524.561839531125,8357.414712516587,8.566827088026226,0.9952616719746162,0.9868086407207696,0.6408006237200903
rate,pred_lineal + renorm (suma = 1),0.0011304175058799383,0.0009870139296420523,4.613381349691532,0.9999356324236531,0.9996956944586606,0.7884771468059256
rate,pred_random_forest + renorm (suma = 1),0.04713830219353333,0.020122673858792326,31.669705654269197,0.8880723771064153,0.9996956944586606,-366.81329186748144
rate,pred_gradient_boosting + renorm (suma = 1),0.002347203517536715,0.0018242365107569648,8.090640143938959,0.9997224821625971,0.9996956944586606,0.08802897186357739
rate,pred_extra_trees + renorm (suma = 1),0.0016783459746233741,0.001460037445504284,8.905812565465258,0.9998581098034044,0.9996956944586606,0.5337245717872657
rate,pred_lineal_log + renorm (suma = 1),0.00873685419903044,0.006889937957018163,30.7727341105089,0.9961549713126893,0.9996956944586606,-11.635421196689466
rate,pred_random_forest_log + renorm (suma = 1),0.06977632454704243,0.03246222467377092,58.97934628565565,0.7547519366550134,0.9996956944586606,-804.9270372319721
rate,pred_gradient_boosting_log + renorm (suma = 1),0.0026645115880327584,0.0017532622331127717,5.332288782033203,0.9996423776649286,0.9996956944586606,-0.17520809347480504
rate,pred_extra_trees_log + renorm (suma = 1),0.0020707879627140826,0.0012397816295107097,3.728713839029539,0.9997839965580864,0.9996956944586606,0.2901757852885877
rate,persistencia + renorm (suma = 1),0.002457877457681955,0.0015155561184019264,4.416024029542123,0.9996956944586605,0.9996956944586606,-7.438494264988549e-14
