target,anio_test,n_train,modelo,rmse,mae,mape,r2,r2_persistencia,skill_vs_persistencia,pct_mse_rm,nota,skill_ic95_bajo,skill_ic95_alto
rate,2022,16,combinacion_lineal,0.0011876978761707555,0.0007842487238599135,2.677187166309633,0.999931054543873,0.9998833769880157,0.40881773713528635,47.67625800199002,lambda=1.00,-3.6903314430969356,0.6516387745739438
rate,2022,16,delta_tasa,0.0011876978761709179,0.0007842487238599546,2.6771871663091638,0.999931054543873,0.9998833769880157,0.4088177371351248,47.67625800199958,,-3.6903314430974286,0.6516387745738061
rate,2022,16,promedio_simple,0.0012835085427980245,0.000736910725806739,2.0619653838017595,0.9999194823267185,0.9998833769880157,0.3095901751161195,76.62381872125141,,-1.0596065880956735,0.4321815147619837
rate,2022,16,persistencia,0.0015447040389803086,0.000816704824709137,2.08673536659105,0.9998833769880157,0.9998833769880157,0.0,85.33586647597302,,0.0,0.0
rate,2022,16,deriva_regional,0.0015447040389803086,0.000816704824709137,2.08673536659105,0.9998833769880157,0.9998833769880157,0.0,85.33586647597302,,0.0,0.0
rate,2022,16,jerarquico_shares_persistencia,0.001544704038980405,0.0008167048247091527,2.0867353665910264,0.9998833769880157,0.9998833769880157,-1.2523315717771766e-13,85.33586647597562,,-1.4921397450962104e-13,6.750155989720952e-14
rate,2022,16,ridge,0.003457879858811949,0.002358695693919696,13.243364574959578,0.9994155955834612,0.9998833769880157,-4.011055765026262,55.590002874289816,alpha=0.001,-31.853289156627106,-2.3811246682547593
rate,2022,16,deriva_nacional,0.014456898146332556,0.005211421940954401,7.061544613464362,0.9897848691997081,0.9998833769880157,-86.59103907952182,97.63602419667679,g=+8.34%,-96.82488122011523,-6.482970361488018
rate,2022,16,lasso,0.014780620732068702,0.011046263758573068,60.903484777832894,0.9893222675200741,0.9998833769880157,-90.55768058331088,52.524750792539336,alpha=0.001,-604.6866182916458,-61.15244607753756
rate,2022,16,jerarquico_shares_logit,0.015399605076310625,0.010163280022602188,51.06667677289963,0.9884092148329773,0.9998833769880157,-98.38677598705054,39.06934846391046,,-733.9446997929804,-49.0367430058118
