CODREGEO,REGION,ANIO,estimation,rate,rate_lag1,pct_women_lag1,mean_age_lag1,pct_irregular_lag1,pct_venezuela_lag1,pct_peru_lag1,pct_colombia_lag1,pct_haiti_lag1,pct_bolivia_lag1,sol_total_lag1,sol_otorgadas_lag1,sol_pct_otorga_lag1,sol_share_lag1,macro_inflacion_origen_lag1,macro_crecimiento_pib_origen_lag1,macro_desempleo_origen_lag1,censo_n_migrantes,censo_mean_edad,censo_mean_escolaridad,censo_pct_mujer,censo_pct_urbano,censo_pct_llegada_reciente,censo_pct_ocupado,censo_pct_venezuela,estimation_lag1,persistencia,pred_lineal,pred_random_forest,pred_gradient_boosting,pred_extra_trees,pred_lineal_log,pred_random_forest_log,pred_gradient_boosting_log,pred_extra_trees_log
1,ARICA Y PARINACOTA,2023,36925,0.0204357788010271,0.0212114307747583,0.5129400655118482,35.07068232794239,0.0809454953226901,0.1210493699648832,0.3566559447575766,0.0503437896538495,0.0010328444536252,0.3822999970490158,1026.0,1012.0,0.98635477582846,0.0108292046099025,5.383666010314072,3.075630138855637,4.389262216063145,11251,25.757710425739933,8.972232111071555,0.5029775131099458,0.7895298195715936,0.3621900275531063,0.4658898870408254,0.371167007377122,33887,33887,37732.14271039255,32492.91282271895,34320.16421655645,34031.16,49057.50764621065,31534.82130025566,34147.2800419622,32672.808986563767
2,TARAPACÁ,2023,86526,0.047886965376782,0.0492187568462839,0.5090867469573069,32.4332099660422,0.0724014701580801,0.0880568732433773,0.2195953249990462,0.0753138075313807,0.0050234640281822,0.4731212880416121,2612.0,2522.0,0.9655436447166922,0.0269874051642037,5.211570884231131,3.3569337447815184,4.540479196897343,29932,25.43886141921689,9.020705803646097,0.5151343044233596,0.9512561806761994,0.4218562074034478,0.464408706409442,0.2310904717359347,78631,78631,86015.60505329193,93365.58861706346,83769.06201287596,80480.835,177321.91131993584,82850.85494780008,81124.68148935355,78628.56867438178
3,ANTOFAGASTA,2023,128744,0.0712521030726999,0.0717934979237372,0.5232353351468229,32.22643648094864,0.0514664853177094,0.0950251098556183,0.132881704680198,0.2906988909813768,0.0011944618818441,0.3855060333403083,4499.0,4374.0,0.9722160480106692,0.046805277632128,6.805482872149887,4.300572278377537,6.069612171116916,42274,26.439537304253204,9.391180789087292,0.5156833987793916,0.9692009272839096,0.4127123054359654,0.4783658398030676,0.2033401144911766,114696,114696,123478.52385766266,252994.58281135536,116214.0141130672,115868.485,146725.33458005407,136623.28713459976,114381.85200681411,111107.30178762648
4,ATACAMA,2023,27266,0.0150901000619853,0.0138246424909644,0.4907633795164357,31.59320805976908,0.0824504210812279,0.1793443810558725,0.0992031150955356,0.2012587159286425,0.0155754776781671,0.3392646925654261,921.0,915.0,0.993485342019544,0.0097912274882023,6.812370097240637,3.638374382133752,5.853117845908258,10327,26.176430715599885,9.277761613810494,0.5096349375423647,0.947516219618476,0.3505374261644233,0.4540257726964441,0.3704851360511281,22086,22086,25550.698816877848,21760.564024711395,23035.183317659586,22794.575,108638.067150296,22149.105712342374,23083.221071312848,22098.817652295384
5,COQUIMBO,2023,48871,0.0270471752412999,0.0246159508557307,0.4717998270864059,32.92108743197193,0.1008493108884707,0.3366983674922443,0.0807608198138636,0.1644713421146315,0.120505517977928,0.0804048212378579,2438.0,2364.0,0.9696472518457752,0.02529667954329,11.786266173866824,2.392923780992457,7.443560874926284,18791,27.50944601138843,9.885062373387354,0.5040710978659997,0.9225160981320844,0.3469746155074237,0.5377283135417221,0.5635144484061518,39326,39326,43835.6040247767,40051.465844363964,42199.540036582446,41879.905,94720.87148048039,39764.538722368496,41030.59339529746,40626.89201293018
6,VALPARAÍSO,2023,122433,0.067759342070309,0.0665724826644266,0.4650745145973391,33.555415546068346,0.0949649757886324,0.3727422312068074,0.0523811762493535,0.081359597574162,0.169517183019134,0.0384091015937191,5560.0,5367.0,0.9652877697841726,0.0574311671357181,15.416187126303171,1.6947568435462643,7.729239747002662,36134,27.93042563790336,9.980182377560354,0.5094924447888415,0.9415232191287984,0.3316820722864891,0.5302262468499903,0.6156251729672885,106355,106355,115032.56283531766,279927.27728571434,115214.09942647014,110894.97,146742.68148883618,145859.3771272556,113158.97682448706,109768.74312029981
7,METROPOLITANA DE SANTIAGO,2023,1089049,0.6027234791463738,0.6111122934534816,0.4955013919873154,34.538581464098186,0.0479124287361902,0.3502850552390551,0.1920286960387257,0.1084715590053077,0.1191844326857878,0.030170992172504,63317.0,61823.0,0.976404441145348,0.6615552535553392,10.907993038066271,1.989947664410961,7.013513632376327,305004,28.731019921050216,10.411036742089768,0.5201243262383444,0.9868591887319512,0.3293694508924473,0.5588299949144478,0.5772580031737289,976302,976302,1013727.0561425847,653337.9159761905,967583.270602566,966500.29,5669001.842486586,347784.2184242333,965949.5212845997,966377.3937449307
8,LIBERTADOR GENERAL BERNARDO O'HIGGINS,2023,60238,0.0333381298149296,0.0313786710165737,0.4416317574306802,32.36470095359694,0.086754438460004,0.342130460801915,0.0458208657490524,0.0830041891083183,0.2577897466586874,0.0903052064631956,3304.0,3190.0,0.965496368038741,0.0341355362703448,14.314005109219648,1.2991402556413945,8.197993655976195,20847,27.75387345901089,9.758066064912615,0.500407732527462,0.8662157624598263,0.3247469659903103,0.5388675623800384,0.5584016884923491,50130,50130,54697.2194703878,46061.327915945156,51343.41668271195,54528.125,91641.26347509987,44298.178421232835,50491.84700054567,52386.45029403219
9,MAULE,2023,52954,0.0293068715133268,0.0280999660737289,0.4403679942974249,33.092251826768845,0.0973224627996079,0.3966185511895215,0.0246591820368885,0.0666933974873028,0.3104784816893878,0.0213401051412278,3305.0,3232.0,0.9779122541603632,0.0345849696632459,15.575504225246544,0.749335815789167,8.854441289935087,17081,28.261928458521165,9.975967174677608,0.504010303846379,0.9065043030267548,0.3096422926058193,0.5206771321462043,0.6711550845969205,44892,44892,49137.06281992873,44632.23615800863,46589.74971076516,47463.32,71396.8384413484,43513.09288968792,46580.33772188083,46799.068713458735
10,ÑUBLE,2023,14314,0.0079219427964225,0.0080427796507471,0.4512413417386567,33.61021170610212,0.0582146470542454,0.4142734843178457,0.0437388123589384,0.0670869328352401,0.2274885205074324,0.0186784963810413,770.0,757.0,0.9831168831168832,0.0081005018672887,14.12468469697591,1.1233858231011609,8.07239771335239,3976,29.08651911468813,10.298612862547287,0.5093058350100603,0.8988933601609658,0.2917505030181087,0.5003790750568613,0.670271629778672,12849,12849,15780.541237200989,14154.674141136646,17515.148240719805,15534.86,35853.775917545856,13716.573236915146,14154.55599110566,13882.148397168998
11,BIOBÍO,2023,50463,0.0279282520145222,0.025253163843859,0.4729327781082689,32.49623221456547,0.1065338092405314,0.5137814792782074,0.042112829664882,0.0802845528455284,0.0831846123339282,0.0109805671227443,3278.0,3183.0,0.971018913971934,0.0340606307048613,10.990218583779734,1.6218355177509591,6.927830951129795,19126,28.182055840217505,10.221263014702036,0.508992993830388,0.9699884973334728,0.3084806023214472,0.5329463445246313,0.736798075917599,40344,40344,45115.195274113095,42171.593094363954,44305.79789030459,42236.67,131540.66650426108,41319.357175014884,42870.65391134154,41450.53908361187
12,LA ARAUCANÍA,2023,25227,0.0139616355264323,0.0143072468267669,0.4650654066587916,34.98556051457075,0.0653629085181782,0.2739642122763267,0.0326377039856499,0.0703066894168088,0.1553572209826311,0.0128625803911274,1149.0,1143.0,0.9947780678851176,0.0122310087639511,27.237362447495464,2.4007658310082904,7.788815814984074,5603,28.699089773335714,10.398068669527897,0.5197215777262181,0.889880421202927,0.308584686774942,0.4868726558313984,0.5950383723005532,22857,22857,25598.286877196937,22743.02261201299,24012.339047901925,24440.175,24217.4854236811,22915.909032511787,23021.92427125371,23579.29965700211
13,LOS RÍOS,2023,9379,0.0051907154874701,0.0054807828330564,0.4582000913659205,35.047967108268615,0.0615577889447236,0.2997944266788488,0.0268387391502969,0.0909090909090909,0.1485838282320694,0.0162174508908177,506.0,506.0,1.0,0.0054146023049512,22.15539970522849,2.23763187347312,7.773537626449544,1912,28.915794979079497,10.53898482469911,0.5193514644351465,0.8645397489539749,0.354602510460251,0.5094240837696336,0.5523012552301255,8756,8756,10722.78155414811,9704.77599246587,9819.740329933966,9961.71,20324.612402207164,7680.949904173753,8510.338317568621,8816.090754544859
14,LOS LAGOS,2023,37720,0.0208757637474541,0.0194763085713284,0.4638598746585248,33.67838663024265,0.1040334243933794,0.421533022657882,0.0258717660292463,0.0918528041137714,0.1315121324120199,0.0115699823236381,2344.0,2314.0,0.9872013651877132,0.0247616397898363,18.64365332466644,1.8752118918163736,7.518442331979383,13470,28.142538975501115,10.199539410147834,0.5069784706755753,0.9066815144766148,0.3076466221232368,0.5549777117384844,0.7198218262806236,31115,31115,35170.77888372842,34451.16882073483,34420.76899870646,34061.01,72519.47184815217,33797.30860116875,33462.81149184975,32621.87747056286
15,AYSÉN DEL GENERAL CARLOS IBÁÑEZ DEL CAMPO,2023,4555,0.0025209200389621,0.0026033092511057,0.5092570329406108,36.56167347920173,0.05890839144025,0.2038951671074777,0.0331810531377735,0.1962010098581389,0.0764606876653041,0.0074537148352969,122.0,122.0,1.0,0.0013054969984269,28.70330325577936,3.6528946171301566,7.71365635387369,951,28.30073606729758,9.834736842105263,0.5289169295478444,0.9263932702418508,0.3480546792849632,0.5068349106203995,0.434279705573081,4159,4159,5015.3153815122205,9210.978842754468,4488.67165035404,5463.695,9471.666424146215,5696.6986481789645,4158.57976613177,4295.801736063717
16,MAGALLANES Y DE LA ANTÁRTICA CHILENA,2023,12216,0.0067608252900026,0.0070087169234505,0.5141555773868001,34.29909797267125,0.0416182906135572,0.2621237831562025,0.0232205054925426,0.2811467357327856,0.0171474502098776,0.0130392069304277,627.0,627.0,1.0,0.0067093985083091,20.42202087634766,3.819924102577337,7.62843831640058,3612,27.756644518272424,10.014991671293728,0.5243632336655593,0.9806201550387597,0.358250276854928,0.5249307479224377,0.3726467331118493,11197,11197,12604.430200239716,10449.208782148413,12405.252880037886,12475.275,16841.82972191275,10307.041783263301,11103.29905762533,11036.262013664866
