CODREGEO,modelo_2028,tendencia_2028,REGION,estimation,cagr_modelo,cagr_tendencia
7,1670781.5757876956,1396193,METROPOLITANA DE SANTIAGO,1089049,0.08936759262207872,0.05094407759116959
3,197634.51882707165,180657,ANTOFAGASTA,128744,0.08949981412013641,0.0701029447126631
6,286530.9258280258,167234,VALPARAÍSO,122433,0.18537183059364315,0.06435184488070522
2,131196.61904893114,121399,TARAPACÁ,86526,0.08681394744504067,0.0700737153060842
8,148796.85327361815,97338,LIBERTADOR GENERAL BERNARDO O'HIGGINS,60238,0.1982422826054675,0.10073398353882101
9,123330.81338160137,76201,MAULE,52954,0.18422592644415858,0.0755048666869238
11,134068.6117097683,80712,BIOBÍO,50463,0.2158242725839139,0.09848216147496713
5,125201.24999740906,79532,COQUIMBO,48871,0.20701172208363383,0.10229575680045055
14,94200.46096396298,57836,LOS LAGOS,37720,0.2008707557613738,0.08924434273852677
1,98506.66618511007,48704,ARICA Y PARINACOTA,36925,0.21682752059457777,0.05693632810702187
4,74626.44788071013,45592,ATACAMA,27266,0.2230783198374211,0.10829007162074089
12,38655.60194460501,31490,LA ARAUCANÍA,25227,0.08910403400472866,0.0453492468760992
10,20455.915029823576,21601,ÑUBLE,14314,0.07401804859886263,0.08578182780202237
16,18663.12243853205,16286,MAGALLANES Y DE LA ANTÁRTICA CHILENA,12216,0.08845644743848657,0.059197827397790004
13,13803.59954481611,11428,LOS RÍOS,9379,0.08035668385606853,0.04030991855214294
15,6897.479596771739,5465,AYSÉN DEL GENERAL CARLOS IBÁÑEZ DEL CAMPO,4555,0.08652671405173495,0.037099337884214156
